"Title","Author","Shelved","Avg. Rating","Ratings","Year"
"The Unbearable Lightness of Being","Milan Kundera","218","4.11","418372","1984"
"The Trial","Franz Kafka","88","3.96","285739","1925"
"The Metamorphosis","Franz Kafka","77","3.84","886002","1915"
"Closely Watched Trains","Bohumil Hrabal","74","3.78","9321","1965"
"The Joke","Milan Kundera","67","4.02","32074","1967"
"War with the Newts","Karel Čapek","64","4.17","12321","1936"
"Laughable Loves","Milan Kundera","59","3.86","28919","1970"
"The Book of Laughter and Forgetting","Milan Kundera","58","3.97","45802","1979"
"The Good Soldier Švejk","Jaroslav Hašek","55","4.1","17655","1921"
"Immortality","Milan Kundera","55","4.14","35520","1990"
"R.U.R.","Karel Čapek","55","3.83","12384","1920"
"Too Loud a Solitude","Bohumil Hrabal","50","4.0","20324","1976"
"I Served the King of England","Bohumil Hrabal","49","4.08","8348","1971"
"Kytice","Karel Jaromír Erben","45","4.0","7049","1853"
"May","Karel Hynek Mácha","45","3.46","4616","1836"
"Krysař","Viktor Dyk","41","3.74","5355","1911"
"Saturnin","Zdeněk Jirotka","41","4.41","5479","1942"
"The White Disease","Karel Čapek","40","4.28","5134","1936"
"The Castle","Franz Kafka","40","3.94","55482","1926"
"Spalovač mrtvol","Ladislav Fuks","38","4.09","4078","1967"
"Ignorance","Milan Kundera","35","3.8","21532","2000"
"The Last Goddess","Kateřina Tučková","34","4.04","6132","2012"
"Smrt krásných srnců","Ota Pavel","30","4.15","2778","1971"
"Life is Elsewhere","Milan Kundera","30","3.96","17669","1973"
"Prague Tales","Jan Neruda","29","3.47","2331","1877"
"Farewell Waltz","Milan Kundera","28","3.86","15400","1972"
"The Grandmother","Božena Němcová","27","3.34","2284","1957"
"Slowness","Milan Kundera","26","3.63","17824","1995"
"Hana","Alena Mornštajnová","25","4.69","7638","2017"
"Dášeňka, čili život štěněte","Karel Čapek","25","4.2","2069","1933"
"Identity","Milan Kundera","24","3.69","24928","1997"
"A Prayer for Katerina Horovitzova","Arnošt Lustig","23","3.89","1619","1964"
"The Cowards","Josef Škvorecký","22","3.91","1178","1958"
"Báječná léta pod psa","Michal Viewegh","22","3.79","2388","1992"
"Poslední aristokratka","Evžen Boček","21","3.85","3393","2012"
"The Engineer of Human Souls","Josef Škvorecký","21","4.16","964","1977"
"Markéta Lazarová","Vladislav Vančura","20","3.46","883","1931"
"Romeo, Julie a tma","Jan Otčenášek","20","3.98","2634","1956"
"Amerika","Franz Kafka","20","3.74","26927","1927"
"Wrony","Petra Dvořáková","19","4.43","12955","2020"
"Hrdý Budžes","Irena Dousková","19","4.34","1710","1998"
"Letter to His Father","Franz Kafka","19","3.96","24902","1919"
"Bylo nás pět","Karel Poláček","19","3.65","2055","1963"
"Dancing Lessons for the Advanced in Age","Bohumil Hrabal","19","3.64","1969","1964"
"Maryša","Alois Mrštík","18","3.45","1735","1894"
"Tiché roky","Alena Mornštajnová","17","4.36","3120","2019"
"The Absolute at Large","Karel Čapek","17","3.85","2413","1920"
"Šikmý kostel: románová kronika ztraceného města","Karin Lednická","16","4.54","2512","2020"
"Do tmy","Anna Bolavá","16","4.03","1040","2015"
"Jozova Hanule","Květa Legátová","16","4.34","891","2002"
"Staré řecké báje a pověsti","Eduard Petiška","16","4.05","1786","1958"
"Kladivo na čarodějnice","Václav Kaplický","16","4.33","793","1963"
"Listopád","Alena Mornštajnová","15","4.23","2546","2021"
"All This Belongs to Me","Petra Hůlová","15","3.86","635","2001"
"Pěšky mezi buddhisty a komunisty","Ladislav Zibura","15","4.16","1615","2016"
"Valerie and Her Week of Wonders","Vítězslav Nezval","15","3.85","1065","1945"
"The Sufferings of Prince Sternenhoch","Ladislav Klíma","15","3.81","822","1928"
"Rozmarné léto","Vladislav Vančura","15","3.25","1275","1926"
"Gerta","Kateřina Tučková","14","3.95","6339","2009"
"40 dní pěšky do Jeruzaléma","Ladislav Zibura","14","4.19","1711","2015"
"How I Came to Know Fish","Ota Pavel","14","4.06","979","1971"
"The Little Town Where Time Stood Still","Bohumil Hrabal","14","3.93","1157","1974"
"Tales from Two Pockets","Karel Čapek","14","4.11","1699","1929"
"Možnosti milostného románu","Jan Němec","13","3.64","1284","2019"
"Bábovky","Radka Třeštíková","13","3.48","2157","2016"
"Aristokratka ve varu","Evžen Boček","13","3.76","1906","2013"
"Pejsek a kočička","Josef Čapek","13","4.39","1068","1936"
"The Festival of Insignificance","Milan Kundera","13","3.34","17103","2013"
"Hovno hoří","Petr Šabach","13","3.71","1026","1994"
"Král Lávra","Karel Havlíček Borovský","13","3.53","1238","1870"
"Matka","Karel Čapek","13","4.24","1475","1938"
"Houbařka","Viktorie Hanišová","12","4.33","1422","2018"
"Slepá mapa","Alena Mornštajnová","12","4.31","2469","2013"
"Želary","Květa Legátová","12","4.26","471","2001"
"Anežka","Viktorie Hanišová","12","4.17","798","2015"
"Pod sněhem","Petra Soukupová","12","3.93","1119","2015"
"Fimfárum","Jan Werich","12","4.37","856","1963"
"Křest svatého Vladimíra","Karel Havlíček Borovský","12","3.61","612","1855"
"Petrolejové lampy","Jaroslav Havlíček","12","3.85","648","1944"
"Bringing Up Girls in Bohemia","Michal Viewegh","12","3.4","1209","1994"
"The Complete Stories","Franz Kafka","12","4.34","25414","1946"
"In the Penal Colony","Franz Kafka","11","3.96","20958","1919"
"Baletky","Miřenka Čechová","11","4.05","896","2020"
"Rekonstrukce","Viktorie Hanišová","11","3.89","967","2019"
"Probudím se na Šibuji","Anna Cima","11","4.06","1643","2018"
"Už nikdy pěšky po Arménii a Gruzii","Ladislav Zibura","11","4.18","1161","2017"
"Opuštěná společnost. Česká cesta od Masaryka po Babiše","Erik Tabery","11","4.52","1605","2017"
"Jezero","Bianca Bellová","11","3.82","1698","2016"
"The Guinea Pigs","Ludvík Vaculík","11","3.59","499","1970"
"Selský baroko","Jiří Hájíček","11","3.7","820","2005"
"Romance pro křídlovku","František Hrubín","11","3.82","720","1961"
"Noc na Karlštejně","Jaroslav Vrchlický","11","3.69","764","2010"
"Těžká hodina","Jiří Wolker","11","3.55","702","1922"
"Slezské písně","Petr Bezruč","11","3.15","428","1909"
"Nikola Šuhaj loupežník","Ivan Olbracht","11","3.32","403","1933"
"Záhada hlavolamu","Jaroslav Foglar","11","4.39","1275","1941"
"Tyrolské Elegie","Karel Havlíček Borovský","11","3.39","885","1885"
"Dědina","Petra Dvořáková","10","3.88","1096","2018"
"Spaceman of Bohemia","Jaroslav Kalfar","10","3.82","4490","2017"
"Aristokratka na koni","Evžen Boček","10","3.82","1363","2016"
"Mlýn na mumie","Petr Stančík","10","3.97","778","2014"
"Povídky z jedné kapsy","Karel Čapek","10","4.01","1185","1929"
"Letters to Milena","Franz Kafka","10","3.81","11391","1952"
"Katyně","Pavel Kohout","10","3.82","581","1978"
"Oněgin byl Rusák","Irena Dousková","10","4.08","523","2006"
"Memento","Radek John","10","4.01","1850","1987"
"Po nás ať přijde potopa","František Gellner","10","4.06","422","1901"
"Krakatit","Karel Čapek","10","3.72","1707","1922"
"Účastníci zájezdu","Michal Viewegh","10","3.44","637","2001"
"Makropoulos Secret","Karel Čapek","10","4.02","841","1922"
"Mendelssohn is on the Roof","Jiří Weil","10","4.08","1184","1960"
"Prázdniny v Evropě","Ladislav Zibura","9","4.33","959","2019"
"Aristokratka a vlna zločinnosti na zámku Kostka","Evžen Boček","9","3.51","1026","2018"
"Hotýlek","Alena Mornštajnová","9","3.98","1861","2015"
"Malý pražský erotikon","Patrik Hartl","9","3.96","1756","2014"
"The Power of the Powerless","Václav Havel","9","4.23","2451","1978"
"The Republic of Whores","Josef Škvorecký","9","3.71","385","1969"
"A Hunger Artist","Franz Kafka","9","4.11","15770","1924"
"Sedmikostelí","Miloš Urban","9","3.36","767","1999"
"Občanský průkaz","Petr Šabach","9","3.92","608","2006"
"Mr. Theodore Mundstock","Ladislav Fuks","9","4.08","596","1963"
"Staré pověsti české","Alois Jirásek","9","3.48","795","1894"
"Divá Bára","Božena Němcová","9","3.43","1020","1856"
"K moři","Petra Soukupová","9","3.9","914","2007"
"Sekyra","Ludvík Vaculík","9","3.58","207","1966"
"Audience","Václav Havel","9","3.81","926","1978"
"Svědectví o životě v KLDR","Nina Špitálníková","8","4.79","2075","2020"
"Zuzanin dech","Jakuba Katalpa","8","4.49","1335","2020"
"Faja","Petra Stehlíková","8","4.62","1502","2017"
"Czuły barbarzyńca","Bohumil Hrabal","8","4.12","828","1973"
"Naslouchač","Petra Stehlíková","8","4.58","2002","2016"
"Nejlepší pro všechny","Petra Soukupová","8","4.29","947","2017"
"Prvok, Šampón, Tečka a Karel","Patrik Hartl","8","3.77","1940","2012"
"Klapzubova jedenáctka","Eduard Bass","8","3.52","378","1922"
"Indiánský běh","Tereza Boučková","8","3.82","133","1991"
"Pálenka","Matěj Hořava","8","4.15","447","2014"
"Němci","Jakuba Katalpa","8","4.17","1006","2012"
"Román pro ženy","Michal Viewegh","8","3.32","689","2001"
"Rybí krev","Jiří Hájíček","8","4.15","1015","2012"
"Černí baroni","Miloslav Švandrlík","8","4.11","306","1991"
"Honzíkova cesta","Bohumil Říha","8","3.75","312","1954"
"Labyrint světa a ráj srdce","Jan Amos Komenský","8","3.44","674","1623"
"The Other City","Michal Ajvaz","8","3.71","828","1993"
"Rychlé šípy","Jaroslav Foglar","8","4.46","880","1998"
"The Gardener's Year","Karel Čapek","8","4.08","1159","1929"
"Odcházení","Václav Havel","8","3.79","268","2007"
"Poupátka","Hana Lehečková","7","4.12","528","nan"
"Šikmý kostel 2: románová kronika ztraceného města","Karin Lednická","7","4.69","1242","nan"
"Aristokratka u královského dvora","Evžen Boček","7","3.9","699","2020"
"Raději zešílet v divočině: Setkání s šumavskými samotáři","Aleš Palán","7","4.42","745","2018"
"Heřmánkové údolí","Hana Marie Körnerová","7","4.2","610","2012"
"Nejlepší víkend","Patrik Hartl","7","3.52","1153","2018"
"Ze života hmyzu","Karel Čapek","7","3.64","367","1921"
"Europeana: A Brief History of the Twentieth Century","Patrik Ouředník","7","4.05","2052","2001"
"Prašina","Vojtěch Matocha","7","3.95","888","2018"
"Muffin a čaj","Theo Addair","7","4.26","1865","nan"
"Boss Babiš","Jaroslav Kmenta","7","4.29","740","2017"
"Losos v kaluži","Markéta Lukášková","7","3.67","935","2017"
"Osudy dobrého vojáka Švejka za světové války, 1. díl – V zázemí","Jaroslav Hašek","7","3.98","785","1921"
"Ke dnu","Anna Bolavá","7","3.99","514","2017"
"Kafe a cigárko","Marie Doležalová","7","3.92","542","nan"
"The Arsonist","Egon Hostovský","7","3.76","135","1935"
"P.S.","Aňa Geislerová","7","3.7","755","2015"
"Dva proti Říši","Jiří Šulc","7","4.74","451","2007"
"Life with a Star","Jiří Weil","7","4.13","639","1949"
"Mapa Anny","Marek Šindelka","7","3.91","1065","2014"
"Magorovy labutí písně","Ivan Martin Jirous","7","3.99","247","1985"
"Zlatí úhoři","Ota Pavel","7","4.28","276","1988"
"Maminka","Jaroslav Seifert","7","3.8","543","1966"
"Ferda mravenec","Ondřej Sekora","7","4.06","321","1936"
"Nový epochální výlet pana Broučka, tentokráte do XV. Století","Svatopluk Čech","7","3.22","287","1888"
"Dům o tisíci patrech","Jan Weiss","7","3.93","495","1929"
"Smuténka","Jan Skácel","7","4.21","317","1965"
"Edison","Vítězslav Nezval","7","3.61","592","1928"
"Glorious Nemesis","Ladislav Klíma","7","4.06","213","1932"
"Povětroň","Karel Čapek","7","3.52","409","1934"
"Postřižiny","Bohumil Hrabal","7","3.88","1654","1974"
"Jacques and His Master: An Homage to Diderot in Three Acts","Milan Kundera","7","3.77","1604","1971"
"Zmizet","Petra Soukupová","7","4.11","1059","2009"
"Neviditelný","Jaroslav Havlíček","7","4.5","361","1937"
"Hordubal","Karel Čapek","7","3.71","882","1933"
"Svatý Xaverius","Jakub Arbes","7","3.37","508","1873"
"Letters from England","Karel Čapek","7","4.05","396","1923"
"Talks with T. G. Masaryk","Karel Čapek","7","4.36","606","1929"
"Three Novels: Hordubal, Meteor, An Ordinary Life","Karel Čapek","7","3.91","408","nan"
"Testaments Betrayed: An Essay in Nine Parts","Milan Kundera","6","4.07","1897","1993"
"Bílá Voda","Kateřina Tučková","6","4.35","712","2022"
"Nasterea","Petra Stehlíková","6","4.19","828","nan"
"Věci, na které nastal čas","Petra Soukupová","6","3.78","1204","2020"
"Chirurg","Petra Dvořáková","6","3.82","995","2019"
"Slepé skvrny","Daniel    Prokop","6","4.51","833","nan"
"Dešťová hůl","Jiří Hájíček","6","4.0","578","2016"
"Osm","Radka Třeštíková","6","3.57","1220","2017"
"The Hideout","Egon Hostovský","6","3.69","163","1943"
"Okamžiky štěstí","Patrik Hartl","6","3.75","1488","nan"
"The Golem","Gustav Meyrink","6","3.85","7135","1915"
"To prší moře","Radka Třeštíková","6","3.7","565","2015"
"Hastrman: Zelený román","Miloš Urban","6","3.74","380","2001"
"Perlička na dně","Bohumil Hrabal","6","3.88","231","1963"
"Rok kohouta","Tereza Boučková","6","3.66","379","2008"
"O letadélku Káněti","Bohumil Říha","6","3.8","93","1957"
"Hřbitovní kvítí","Jan Neruda","6","3.45","177","1857"
"Bronzový poklad","Eduard Štorch","6","3.71","93","1932"
"Zvuk slunečních hodin","Hana Andronikova","6","4.47","563","2001"
"Harlequin's Millions","Bohumil Hrabal","6","3.82","293","1981"
"Strakonický dudák","Josef Kajetán Tyl","6","2.89","512","1847"
"Kuře melancholik","Josef Karel Šlejhar","6","3.77","658","1889"
"Povídky z druhé kapsy","Karel Čapek","6","4.11","640","1929"
"Slavnosti sněženek","Bohumil Hrabal","6","4.14","405","1978"
"Host do domu","Jiří Wolker","6","3.46","220","1921"
"Broučci","Jan Karafiát","6","3.71","241","1876"
"Stínadla se bouří","Jaroslav Foglar","6","4.38","636","1970"
"Lucemburská zahrada","Michal Ajvaz","6","3.47","266","2011"
"Encounter","Milan Kundera","6","3.74","1512","2009"
"Marta v roce vetřelce","Petra Soukupová","6","3.62","453","2011"
"Straka v říši entropie","Markéta Baňková","6","3.4","239","2010"
"Konec punku v Helsinkách","Jaroslav Rudiš","6","4.04","824","2010"
"The Art of the Novel","Milan Kundera","6","3.98","5866","1986"
"Nebe pod Berlínem","Jaroslav Rudiš","6","3.79","707","2002"
"Hoši od Bobří řeky","Jaroslav Foglar","6","4.1","824","1937"
"Stín kapradiny","Josef Čapek","6","3.65","192","1930"
"Stříbrný vítr","Fráňa Šrámek","6","3.28","169","1910"
"Ohlas písní českých","František Ladislav Čelakovský","6","2.65","107","1839"
"Love and Garbage","Ivan Klíma","6","3.66","1368","1986"
"City Sister Silver","Jáchym Topol","6","3.92","326","1994"
"Blue Octavo Notebooks","Franz Kafka","6","4.11","1045","1953"
"Metamorphosis and Other Stories","Franz Kafka","5","3.91","5128","1915"
"Metamorphosis and Other Stories","Franz Kafka","5","3.91","5128","1915"
"Śmierć pięknych saren","Ota Pavel","5","4.13","1484","1978"
"Životice: obraz","Karin Lednická","5","4.3","428","nan"
"Soběstačný","Zuzana Dostálová","5","4.51","533","2020"
"Vztahy a mýty: Párová terapie do kapsy","Jan Vojtko","5","4.24","1103","2020"
"Klub divných dětí","Petra Soukupová","5","4.27","427","2019"
"Cizinec hledá byt","Egon Hostovský","5","3.8","142","1947"
"Teorie podivnosti","Pavla Horáková","5","3.76","811","2018"
"Hodiny z olova","Radka Denemarková","5","4.0","209","2018"
"Veselí","Radka Třeštíková","5","3.45","908","nan"
"Panda v nesnázích","Markéta Lukášková","5","4.05","659","2018"
"Jestem głód","Petra Dvořáková","5","3.62","217","2009"
"The Judgment","Franz Kafka","5","3.72","5528","1912"
"Terapie sdílením: Rozchodové věty","Ester Geislerová","5","3.41","315","2018"
"Šlehačková oblaka","Tereza Salte","5","3.71","498","2017"
"Nezvěstný","Egon Hostovský","5","4.07","91","1948"
"Ptákovina","Milan Kundera","5","3.91","140","1969"
"Cesta na sever","Karel Čapek","5","3.94","218","1936"
"Máslem dolů","Petr Šabach","5","3.72","164","2012"
"Mach a Šebestová","Miloš Macourek","5","4.24","113","1982"
"The Metamorphosis and Other Stories","Franz Kafka","5","4.04","50753","1915"
"Zloději zelených koní","Jiří Hájíček","5","3.73","263","2001"
"Dějiny světla","Jan Němec","5","4.24","513","2013"
"Konec starých časů","Vladislav Vančura","5","3.62","63","1934"
"Jantarové oči","Vilma Kadlečková","5","4.02","686","2013"
"Dobytí severního pólu Čechem Karlem Němcem 5. dubna 1909","Jára Cimrman","5","4.65","377","1993"
"Biomanželka","Michal Viewegh","5","3.07","598","2010"
"Opilé banány","Petr Šabach","5","3.9","326","2001"
"Manon Lescaut","Vítězslav Nezval","5","3.92","695","1831"
"Chata v Jezerní kotlině","Jaroslav Foglar","5","4.12","447","1939"
"Myši Natálie Mooshabrové","Ladislav Fuks","5","4.14","261","1970"
"Říkali mi Leni","Zdenka Bezděková","5","4.06","302","1948"
"Večerní písně","Vítězslav Hálek","5","3.16","116","1859"
"Údolí včel","Vladimír Körner","5","3.83","103","2009"
"Nové mythy","Josef Kainar","5","3.26","53","1946"
"Lovci mamutů","Eduard Štorch","5","3.73","631","1918"
"Rumcajs","Václav Čtvrtek","5","4.18","224","1970"
"Kubula a Kuba Kubikula","Vladislav Vančura","5","3.78","149","1931"
"Epigramy","Karel Havlíček Borovský","5","3.85","137","2004"
"Zapomenuté světlo","Jakub Deml","5","4.09","97","1934"
"Prsatý muž a zloděj příběhů","Josef Formánek","5","3.68","217","2003"
"Milá sedmi loupežníků","Viktor Dyk","5","3.41","120","1906"
"Balady a romance","Jan Neruda","5","3.24","300","1883"
"Básně noci","Vítězslav Nezval","5","3.95","217","1966"
"Severin's Journey into the Dark: A Prague Ghost Story","Paul Leppin","5","3.67","300","1914"
"The Golden Age","Michal Ajvaz","5","3.76","306","2010"
"Een doodgewoon leven","Karel Čapek","5","3.96","577","1924"
"Absolutní hrobař","Vítězslav Nezval","5","4.05","83","1937"
"Možná že odcházíme","Jan Balabán","5","4.13","362","2004"
"Zeptej se táty","Jan Balabán","5","3.95","391","2010"
"The Fateful Adventures of the Good Soldier Svejk During the World War, Book Two","Jaroslav Hašek","5","4.1","592","1923"
"Písně kosmické","Jan Neruda","5","3.77","189","1918"
"Tajemství Velkého Vonta","Jaroslav Foglar","5","4.34","561","1991"
"Apocryphal Tales","Karel Čapek","5","4.03","647","1932"
"Předtucha","Marie Pujmanová","5","2.67","45","1979"
"Lekce tvůrčího psaní","Michal Viewegh","5","3.15","231","2005"
"Hlídač č. 47","Josef Kopta","5","3.59","98","1969"
"The Zürau Aphorisms","Franz Kafka","5","3.72","2873","1931"
"The Curtain: An Essay in Seven Parts","Milan Kundera","5","3.98","2470","2005"
"Waiting for the Dark, Waiting for the Light","Ivan Klíma","5","3.6","486","1993"
"Podobojí","Daniela Hodrová","4","3.75","56","1991"
"Hlas kukačky","Hana Marie Körnerová","4","4.05","332","2018"
"Sběratel sněhu","Jan Štifter","4","4.35","276","2018"
"The End of Procrastination: How to Stop Postponing and Live a Fulfilled Life","Petr Ludwig","4","4.0","2681","2013"
"Doupě","Jakuba Katalpa","4","3.86","322","2017"
"Kámen a bolest","Karel Schulz","4","4.35","185","1942"
"Bez filtru","Kristýna Dolejšová","4","3.87","157","2017"
"Citlivý člověk","Jáchym Topol","4","3.42","210","2017"
"Ovšem","Karel Kovy Kovář","4","4.18","660","nan"
"Deník kastelána","Evžen Boček","4","3.44","499","2008"
"Já už chci domů","J.H. Krchovský","4","4.16","115","nan"
"Pociągi pod specjalnym nadzorem. Postrzyżyny","Bohumil Hrabal","4","4.0","194","2004"
"Meda Mládková - Můj úžasný život","Ondřej Kundra","4","4.24","141","2014"
"Peníze od Hitlera","Radka Denemarková","4","3.99","439","2006"
"Hodina Tance a Lasky: Nemecka Romance","Pavel Kohout","4","4.06","100","1989"
"The Forty Days of Musa Dagh","Franz Werfel","4","4.38","1590","1933"
"Soumrak bohů. Severské mýty a báje","Helena Kadečková","4","4.33","75","1998"
"Kříž u potoka","Karolina Světlá","4","4.04","186","1968"
"Kosmova kronika česká - Chronica Boemorum","Kosmas","4","3.1","88","1125"
"Filosofská historie","Alois Jirásek","4","3.37","211","1877"
"Pád do temnot","Vilma Kadlečková","4","4.09","432","2014"
"The Swell Season: A Text on the Most Important Things in Life","Josef Škvorecký","4","3.98","762","1975"
"Led pod kůží","Vilma Kadlečková","4","4.25","506","2013"
"A Country Doctor","Franz Kafka","4","3.7","4828","1919"
"Under a Cruel Star: A Life in Prague, 1941-1968","Heda Margolius Kovály","4","4.29","2551","1973"
"My Merry Mornings","Ivan Klíma","4","3.7","237","1978"
"Hustej nářez","František Kotleta","4","3.76","747","2010"
"Národní třída","Jaroslav Rudiš","4","3.67","746","2013"
"Grandhotel","Jaroslav Rudiš","4","3.75","465","2006"
"Osada havranů","Eduard Štorch","4","3.92","122","1964"
"Království za story","Petr Šabach","4","2.56","90","2012"
"Tři legendy o krucifixu","Julius Zeyer","4","3.56","163","1999"
"Pravý výlet pana Broučka do měsíce","Svatopluk Čech","4","3.4","129","2008"
"Jak tata przemierzał Afrykę","Ota Pavel","4","3.88","107","1994"
"Pábitelé","Bohumil Hrabal","4","3.77","141","1988"
"Naši furianti","Ladislav Stroupežnický","4","3.38","175","1887"
"Kantůrčice","Karolina Světlá","4","3.5","16","1867"
"Antikódy","Václav Havel","4","4.53","107","1993"
"Kniha lesů, vod a strání","Stanislav Kostka Neumann","4","2.98","87","1950"
"Obrazy ze života mého","Karel Hynek Mácha","4","3.36","36","1834"
"Na vlnách TSF","Jaroslav Seifert","4","3.88","201","1925"
"Dům U tonoucí hvězdy","Julius Zeyer","4","3.71","106","1972"
"Pekař Jan Marhoul","Vladislav Vančura","4","3.22","90","1924"
"Slávy dcera","Ján Kollár","4","2.46","125","1951"
"Rekviem","Jaroslav Durych","4","2.84","67","1930"
"Blues pro bláznivou holku","Václav Hrabě","4","4.49","639","1990"
"Pozdě k ránu","Karel Hlaváček","4","3.61","133","1896"
"Notes from the Gallows","Julius Fučík","4","4.12","611","1945"
"Márinka","Karel Hynek Mácha","4","3.47","202","1834"
"The Unloved: From the Diary of Perla S.","Arnošt Lustig","4","3.96","110","1985"
"Anděl","Jáchym Topol","4","3.7","337","1995"
"Strach nad Bobří řekou","Jaroslav Foglar","4","3.72","258","1990"
"Pohádky","Božena Němcová","4","4.13","167","1934"
"Gaps","Bohumil Hrabal","4","3.95","130","1986"
"Balada z hadrů","Jiří Voskovec","4","3.62","123","nan"
"Letters from Italy","Karel Čapek","4","3.58","126","1923"
"Vybíjená","Michal Viewegh","4","3.54","452","2004"
"Golet v údolí","Ivan Olbracht","4","3.77","114","1959"
"The Garden Party and Other Plays","Václav Havel","4","3.89","478","1994"
"Largo Desolato","Václav Havel","4","3.99","287","1985"
"F. L. Věk: Obraz z dob našeho národního probuzení","Alois Jirásek","3","3.78","213","1931"
"Aristokratka pod palbou lásky","Evžen Boček","3","3.91","154","2022"
"The Metamorphosis and Other Stories","Franz Kafka","3","3.84","3899","nan"
"Byli jsme tu vždycky","Filip Titlbach","3","4.67","551","2022"
"Prázdniny v Česku","Ladislav Zibura","3","4.39","448","nan"
"Neznámá společnost","Pavel Pospěch","3","4.11","217","2021"
"Čarostřelec","Jan Horníček","3","3.41","74","nan"
"All My Cats","Bohumil Hrabal","3","3.62","890","1983"
"Świece w pogańskim gaju. Opowiadania, horrory i etiudy","Jiří Kamen","3","3.31","68","2017"
"Dlouhá trať","Viktorie Hanišová","3","4.09","568","nan"
"Před povodní","Anna Bolavá","3","3.65","227","nan"
"Prašina: Černý merkurit","Vojtěch Matocha","3","4.21","404","2019"
"Boží muka","Karel Čapek","3","3.72","115","nan"
"Hornické vdovy","Kamila Hladká","3","3.94","157","2019"
"Český ráj","Jaroslav Rudiš","3","3.66","518","2018"
"Meta","Pavel Bareš","3","4.57","932","2020"
"Mengeleho dievča","Viola Stern Fischerová","3","4.66","1853","2016"
"Praskliny","Klára Vlasáková","3","3.49","327","2020"
"Plachetnice na vinětách","Jiří Hájíček","3","3.49","481","2020"
"Foukneš do pěny","Radka Třeštíková","3","3.05","466","2020"
"Krvavý Bronx","Martin Reiner","3","3.48","116","2020"
"Nebe nad Jemenem","Tomáš Šebek","3","4.37","303","2019"
"Lvářka","Tereza Janišová","3","3.83","47","2019"
"Behind the Lines: Bugulma and Other Stories","Jaroslav Hašek","3","3.81","98","1921"
"Zmizení Sáry Lindertové","Kateřina Šardická","3","4.2","786","2019"
"Ohnice","Jiří Orten","3","3.95","59","2006"
"Rudý Zeman","Jaroslav Kmenta","3","4.19","357","2019"
"InTyMně","Markéta Lukášková","3","3.56","357","2019"
"Autismus & Chardonnay","Martin Selner","3","4.42","837","2017"
"Autismus & Chardonnay 2: Pozdní sběr","Martin Selner","3","4.58","434","2019"
"Tapetář","Ema Labudová","3","3.15","169","2019"
"A Gothic Soul","Jiří Karásek ze Lvovic","3","3.74","122","1900"
"Žít jako single","Petra Soukupová","3","2.98","115","2019"
"Cirkus Humberto","Eduard Bass","3","4.09","206","1941"
"Nevyžádané rady mládeži","Marek Vácha","3","4.43","366","nan"
"Mezi dvěma Kimy","Nina Špitálníková","3","3.88","655","2017"
"Tři vánoční povídky","Petr Šabach","3","3.08","59","2007"
"Vzpomínky na jednu vesnickou tancovačku","Jiří Hájíček","3","3.79","204","2014"
"The Questionnaire","Jiří Gruša","3","3.53","116","1975"
"Život a dílo skladatele Foltýna","Karel Čapek","3","4.02","240","1939"
"Černooká","Anna Musilová","3","3.82","476","2018"
"Malinka","Dita Táborská","3","4.12","365","nan"
"Życie bez smokingu","Bohumil Hrabal","3","3.83","41","1986"
"Únava materiálu","Marek Šindelka","3","3.66","849","2016"
"Básník: román o Ivanu Blatném","Martin Reiner","3","4.37","154","2014"
"Příspěvek k dějinám radosti","Radka Denemarková","3","3.63","210","2014"
"Prague, I See a City...","Daniela Hodrová","3","3.59","39","2011"
"Točité věty","Daniela Hodrová","3","3.75","8","2015"
"Dobrodružství v Zemi nikoho","Jaroslav Foglar","3","4.18","157","1995"
"Poklad Černého delfína","Jaroslav Foglar","3","3.63","104","1966"
"Dvojité dno","J.H. Krchovský","3","4.22","100","2010"
"HHhH","Laurent Binet","3","4.05","23858","2010"
"Všichni žijem' v blázinci","Renata Červenková","3","4.31","249","2014"
"Sítě","Petra Dvořáková","3","3.98","369","2016"
"The Maimed","Hermann Ungar","3","3.86","726","1922"
"Deníček moderního fotra","Dominik Landsman","3","3.61","495","2014"
"Krabice živých","Norbert Frýd","3","4.16","45","1985"
"České nebe","Jára Cimrman","3","4.66","178","2009"
"Opráski sčeskí historje 4. Zborňík vjedeckíhc příspjefkú g hiztorji čezkího nárotu","Jaz","3","4.25","48","2015"
"Deset let s Václavem Havlem","Ladislav Špaček","3","4.5","114","2012"
"Nové povídky","Zdeněk Svěrák","3","4.15","268","2011"
"Povídky","Zdeněk Svěrák","3","3.93","260","2008"
"Amatéři aneb Jak svět přichází o básníky","Ladislav Pecháček","3","4.17","12","2010"
"Adelheid","Vladimír Körner","3","3.75","148","1967"
"Má rodina a jiná zemětřesení","Ivan Kraus","3","4.44","72","1998"
"Una scrittura femminile azzurro pallido","Franz Werfel","3","3.69","1464","1941"
"Jednooký král: Václav I.","Vlastimil Vondruška","3","4.55","273","2012"
"Velký král: Přemysl I. Otakar","Vlastimil Vondruška","3","4.37","349","2011"
"Zahrada","Jiří Trnka","3","4.53","126","1962"
"Vidění","Vilma Kadlečková","3","4.22","375","2014"
"F. L. Věk V.","Alois Jirásek","3","3.89","28","1954"
"F. L. Věk III.","Alois Jirásek","3","3.86","35","1954"
"Msta písecké panny","Vlastimil Vondruška","3","3.32","165","2013"
"Podivná svatba na Lichnici","Vlastimil Vondruška","3","3.35","177","2012"
"Králův dluh","Vlastimil Vondruška","3","3.4","181","2012"
"Smrt ve Vratislavi","Vlastimil Vondruška","3","3.31","180","2014"
"Román o růži","Vlastimil Vondruška","3","4.05","190","2008"
"Znamení rožmberské růže","Vlastimil Vondruška","3","4.04","201","2004"
"Apage Satanas!","Vlastimil Vondruška","3","3.41","208","2010"
"Dýka s hadem","Vlastimil Vondruška","3","3.66","288","2002"
"Zdislava a ztracená relikvie","Vlastimil Vondruška","3","4.07","235","2003"
"Prokletí brněnských řeholníků","Vlastimil Vondruška","3","4.03","188","2011"
"Zahradní slavnost","Václav Havel","3","3.61","511","1964"
"Innocence; or, Murder on Steep Street","Heda Margolius Kovály","3","3.45","434","1985"
"Prométheova játra","Jiří Kolář","3","3.81","83","1950"
"Kdo pije potmě víno","Jan Skácel","3","4.02","50","1988"
"Hirošima","František Hrubín","3","3.91","46","1964"
"Listy z vyhnanství","Egon Hostovský","3","3.36","14","1946"
"The Devil's Workshop","Jáchym Topol","3","3.53","448","2009"
"Lovely Green Eyes","Arnošt Lustig","3","3.61","955","2000"
"O klíči","Pavel Čech","3","4.56","68","2007"
"Nápady svaté Kláry","Pavel Kohout","3","3.7","79","1980"
"Dita Saxova","Arnošt Lustig","3","3.69","120","1969"
"Šaman","Egon Bondy","3","4.04","92","2006"
"Němá barikáda a jiné povídky","Jan Drda","3","3.51","353","1978"
"Zimohrádek","Ivan Wernisch","3","3.88","66","1965"
"Agogh","Oldřich Mikulášek","3","3.73","51","1989"
"Fakt hustej nářez","František Kotleta","3","3.77","571","2012"
"Vyhlídka na věčnost","Jiří Kulhánek","3","4.29","1139","2011"
"Případ nevěrné Kláry","Michal Viewegh","3","3.31","227","2003"
"Nové nápady laskavého čtenáře","Michal Viewegh","3","2.92","49","2000"
"The Class","Hermann Ungar","3","3.71","110","1927"
"Boříkovy lapálie","Vojtěch Steklač","3","3.96","99","1970"
"Pekelná třída","Vojtěch Steklač","3","3.83","60","1978"
"Ferdův slabikář","Ondřej Sekora","3","3.7","46","1939"
"Mikeš","Josef Lada","3","4.29","141","1962"
"Diaries, 1910-1923","Franz Kafka","3","4.22","3201","1949"
"Miluju tě k zbláznění","Jáchym Topol","3","4.13","131","1991"
"Bajki czeskie","Jan Drda","3","4.03","38","1958"
"Báječná léta s Klausem","Michal Viewegh","3","2.98","131","2002"
"Andělé všedního dne","Michal Viewegh","3","3.63","427","2007"
"Taka piękna żałoba","Bohumil Hrabal","3","4.18","239","1979"
"Muzikantská Liduška","Vítězslav Hálek","3","3.42","74","1861"
"Lucerna","Alois Jirásek","3","3.16","164","1905"
"Amélie a tma","Petra Neomillnerová","3","3.87","132","2012"
"Three Vanek Plays","Václav Havel","3","4.22","85","1989"
"Temptation","Václav Havel","3","3.69","181","1985"
"Radúz a Mahulena","Julius Zeyer","3","3.58","183","1896"
"Její pastorkyňa","Gabriela Preissová","3","3.68","134","1930"
"Kronika Dalimilova. Podle Rukopisu Cambridgeského","Vaclav Emanuel Mourek","3","3.3","23","2010"
"Jeřáby","Jan Zahradníček","3","3.33","27","1933"
"Měsíce","Karel Toman","3","3.03","117","1918"
"Dvakrát sedm pohádek","František Hrubín","3","4.59","51","1965"
"Kohout plaší smrt","František Halas","3","3.44","71","nan"
"Svítání na západě","Otokar Březina","3","3.38","48","1896"
"Podivné přátelství herce Jesenia","Ivan Olbracht","3","3.43","35","1962"
"Pole orná a válečná","Vladislav Vančura","3","3.33","33","1925"
"O zlých samotářích","Ivan Olbracht","3","3.6","15","1951"
"Muži v ofsajdu","Karel Poláček","3","3.64","112","1931"
"Karla","Božena Němcová","3","3.48","132","2010"
"Cikáni","Karel Hynek Mácha","3","3.47","92","1857"
"Vlčí jáma","Jarmila Glazarová","3","3.52","93","1938"
"Moji přátelé","Jakub Deml","3","3.44","82","1913"
"Don Pablo, don Pedro a Věra Lukášová","Božena Benešová","3","3.65","37","1936"
"Kalibův zločin","Karel Václav Rais","3","3.64","197","1947"
"Prosté motivy","Jan Neruda","3","3.2","49","1883"
"Kašpar Lén mstitel","Karel Matěj Čapek-Chod","3","2.97","36","1937"
"Vesnický román","Karolina Světlá","3","3.65","170","1969"
"Nápady laskavého čtenáře","Michal Viewegh","3","3.03","107","1993"
"Radosti života","František Gellner","3","4.07","182","2011"
"Mstivá kantiléna","Karel Hlaváček","3","2.82","65","1898"
"Zpěvy páteční","Jan Neruda","3","3.11","62","1924"
"Darda","Irena Dousková","3","3.5","166","2011"
"Love Letter in Cuneiform","Tomáš Zmeškal","3","3.8","281","2008"
"Kudy šel anděl","Jan Balabán","3","3.99","84","2003"
"Stanice Tajga","Petra Hůlová","3","3.68","160","2008"
"Kloktat dehet","Jáchym Topol","3","3.55","234","2005"
"Modrá rokle","Jaroslav Foglar","3","3.78","204","nan"
"سرادق طائر البطريق","Emil Hakl","3","3.58","405","2002"
"Vládci strachu","Jiří Kulhánek","3","4.23","739","1995"
"Trapné povídky","Karel Čapek","3","3.72","120","1921"
"Nine Fairy Tales and One More Thrown in for Good Measure","Karel Čapek","3","4.13","349","1932"
"Osel a stín","Jiří Voskovec","3","3.89","96","nan"
"Okresní město","Karel Poláček","3","3.54","57","1960"
"Total Fears: Selected Letters to Dubenka","Bohumil Hrabal","3","3.92","379","1990"
"The Miracle Game","Josef Škvorecký","3","4.0","281","1972"
"Franz Kafka's The Castle","David Fishelson","3","4.1","27800","2003"
"Vztahy a pasti","Jan Vojtko","2","4.08","146","nan"
"Zoufalé ženy dělají zoufalé věci","Halina Pawlowská","2","3.05","110","2005"
"Prašina: Bílá komnata","Vojtěch Matocha","2","4.03","266","nan"
"15 roků lásky","Patrik Hartl","2","3.78","575","2021"
"Uranova","Lenka Elbe","2","3.61","186","2020"
"Tenkrát o Vánocích","Petra Soukupová","2","3.65","77","nan"
"Démon ze sídliště","Iva Hadj Moussa","2","3.73","63","nan"
"Prameny Vltavy","Petra Klabouchová","2","4.06","106","nan"
"Prokletý kraj","Michaela Klevisová","2","3.97","311","nan"
"Novinářky","Linda Bartošová","2","4.2","355","nan"
"Stát v rozkladu","Jan Bělíček","2","4.23","65","nan"
"Všechny barvy duhy","Theo Addair","2","4.01","354","2021"
"Amanda","Kristýna Sněgoňová","2","4.0","153","2020"
"Kroky vraha","Michaela Klevisová","2","3.83","409","2007"
"Válka je mým osudem","Lenka Klicperová","2","3.94","33","nan"
"Babišovo Palermo I","Jaroslav Kmenta","2","4.25","122","nan"
"Všehoschopní - Superguru Bárta","Jaroslav Kmenta","2","4.17","70","2011"
"Padrino Krejčíř - Žralok","Jaroslav Kmenta","2","4.03","67","2016"
"Padrino Krejčíř - Afričan","Jaroslav Kmenta","2","4.17","109","2014"
"Padrino Krejčíř - Gangster","Jaroslav Kmenta","2","4.13","118","2015"
"The Twelve Little Cakes","Dominika Dery","2","3.93","717","2004"
"Operace Thümmel","František Kotleta","2","3.94","205","2020"
"Srdce Evropy","Pavla Horáková","2","3.46","112","nan"
"Přípravy na všechno","Elsa Aids","2","3.84","130","nan"
"Ve skříni","Tereza Semotamová","2","3.53","131","2018"
"Beton a hlína: Rozhovory o šetrnosti a udržitelnosti ve městě","Viktorie Hanišová","2","4.22","69","nan"
"Smrtholka","Lucie Faulerová","2","4.13","314","2020"
"Noci běsů","Kateřina Šardická","2","3.96","728","2020"
"Nový věk – Nepovídka","Egon Bondy","2","4.18","17","nan"
"Návrat krále Šumavy","David Jan Žák","2","4.48","128","2012"
"DOBRODRUHŮM","Tereza Ramba","2","4.48","467","2020"
"Za časů Ladislava Pohrobka","Vlastimil Vondruška","2","3.55","176","2017"
"Za časů bezvládí","Vlastimil Vondruška","2","4.04","189","2016"
"Za časů císaře Zikmunda","Vlastimil Vondruška","2","4.53","214","2015"
"Za časů hejtmana Jana Žižky","Vlastimil Vondruška","2","4.47","246","2015"
"Král básník: Václav II.","Vlastimil Vondruška","2","4.15","209","2013"
"Král rytíř: Přemysl Otakar II.","Vlastimil Vondruška","2","4.49","242","2013"
"Za časů Jiřího z Poděbrad","Vlastimil Vondruška","2","3.61","162","2017"
"Modré stíny","Michal Sýkora","2","3.48","75","2013"
"Satanova sláva mezi námi","Stanislav Kostka Neumann","2","2.96","23","nan"
"Mezipřistání","Matěj Hořava","2","4.25","216","nan"
"Pandemie","Michal Kubal","2","4.44","107","nan"
"Krev pro Rusalku","Kristýna Sněgoňová","2","3.97","192","2018"
"Dobrodruzi hlavního proudu","Jiří Hájíček","2","3.92","40","2002"
"Rozpojené státy - Amerika nejen televizní kamerou","Martin Řezníček","2","4.15","357","nan"
"Tamařino souhvězdí","Anna Musilová","2","4.11","426","nan"
"Bezdětná","Monika Baudišová","2","4.55","141","2020"
"The Lost Writings","Franz Kafka","2","4.08","216","2020"
"تاریک ترین زندان","Ivan Olbracht","2","3.69","152","1954"
"Dobročinný večírek","Egon Hostovský","2","4.0","30","1990"
"Nulorožec","Petr Stančík","2","3.53","302","2018"
"...a bude hůř: román o třech dílech","Jan Pelc","2","3.87","286","1985"
"Babičky","Petr Šabach","2","3.77","233","1998"
"The Bathory Legend","Jožo Nižnánsky","2","3.71","619","1932"
"Underground","František Kotleta","2","3.7","311","2020"
"Maryčka Magdonova","Petr Bezruč","2","3.86","21","nan"
"Letopisy královské komory I","Vlastimil Vondruška","2","4.57","187","2006"
"Odposlechnuto v Praze","Zuzana Cinařová","2","4.3","70","nan"
"Zlodějka mýho táty","Petra Hůlová","2","3.31","104","nan"
"Koláčky a spiklenci","Theo Addair","2","4.27","1027","2019"
"Projekt Kronos","Pavel Bareš","2","4.35","670","2017"
"Prak","Michal Vrba","2","3.8","93","2016"
"Vlaštovka v bublině","Markéta Lukášková","2","3.78","315","2020"
"Čas mrtvých","Jiří Kulhánek","2","4.18","726","1999"
"Mona","Bianca Bellová","2","3.65","349","2019"
"Střípky hvězd","Tereza Janišová","2","4.13","69","2014"
"Kouzla na obzoru","Tereza Janišová","2","3.93","96","2012"
"Město čarodějů","Tereza Janišová","2","3.91","153","2010"
"Helga's Diary: A Young Girl's Account of Life in a Concentration Camp","Helga Weiss","2","3.98","2244","2012"
"Jan Maria Plojhar","Julius Zeyer","2","3.77","35","1891"
"Továrna na sny","Aneta Badžgoňová","2","4.18","331","2016"
"Útěk do Budína","Vladislav Vančura","2","3.88","26","1932"
"While the Music Played","Nathaniel Lande","2","4.21","184","2020"
"A Delayed Life: The True Story of the Librarian of Auschwitz","Dita Kraus","2","3.95","1294","2020"
"Jak na sítě","Michelle Losekoot","2","4.27","430","2019"
"By Night Under the Stone Bridge","Leo Perutz","2","4.06","1044","1953"
"Odvrácená strana matky","Monika Valentová","2","3.4","57","nan"
"Hranice a zdi","Jan Těsnohlídek","2","4.09","46","nan"
"Hlavně zachraň sebe","Jan Těsnohlídek","2","4.35","55","nan"
"Ještě je co ztratit","Jan Těsnohlídek","2","3.98","64","2013"
"O čem ženy mlčí","Kateřina Tučková","2","2.77","26","2013"
"Trny v čase","Jan Tomeš","2","3.73","132","2019"
"Dům na samotě","Michaela Klevisová","2","4.0","177","2011"
"Panorama","Hans Günther Adler","2","3.27","90","1948"
"Siostra śmierć","Daniel Petr","2","2.97","37","2018"
"When Time Stopped: A Memoir of My Father's War and What Remains","Ariana Neumann","2","4.35","6029","2020"
"Svatá hlava","Hana Lehečková","2","3.85","144","2019"
"Zrádci","Jiří Šulc","2","4.31","58","2012"
"Český snář","Ludvík Vaculík","2","3.71","130","1981"
"Povídky","Jan Balabán","2","4.37","65","2010"
"Jací jsme dnes: Česko od roku 1989 očima investigativního novináře","Jaroslav Spurný","2","4.29","51","2018"
"A znovu láska","Jan Skácel","2","4.43","53","1991"
"Tweety 1956-1963","Věra Jirousová","2","4.06","53","nan"
"Conversations with Kafka","Gustav Janouch","2","4.07","847","1951"
"The Judgement and In the Penal Colony","Franz Kafka","2","4.01","1268","1912"
"Bílá zvířata jsou velmi často hluchá","Ivana Myšková","2","3.66","212","2017"
"Hodina mezi psem a vlkem","Jan Skácel","2","4.34","86","1962"
"Frantina","Karolina Světlá","2","3.6","47","1974"
"Hry bez hranic","Michal Kašpárek","2","3.75","306","nan"
"Zneuznané dědictví Cervantesovo","Milan Kundera","2","4.3","64","2005"
"Udělej mi tichoučko!","Ivan Kraus","2","4.38","26","2008"
"To na tobě doschne","Ivan Kraus","2","4.39","103","1991"
"Prosím tě, neblázni","Ivan Kraus","2","4.28","40","1978"
"Rodinný sjezd","Ivan Kraus","2","4.15","54","1996"
"Nebožtíci na bále","Ladislav Fuks","2","3.59","32","1989"
"Variace pro temnou strunu","Ladislav Fuks","2","3.86","50","1970"
"Příliš dlouhá swingers party","František Kotleta","2","3.74","478","2014"
"Jiný T.G.M.","Pavel Kosatík","2","4.56","194","2018"
"Hledání dějin. O české státnosti a identitě","Karel Hvížďala","2","4.5","16","nan"
"Nestoři české advokacie","Petr Toman","2","4.5","2","nan"
"Rekviem za Pluto","Adam Chromý","2","3.35","121","nan"
"Ada","Jan Těsnohlídek","2","3.97","73","2012"
"إدوار والله","Milan Kundera","2","3.7","946","nan"
"Voda, která hoří","Jitka Vodňanská","2","3.66","76","2018"
"Stracholam","Jan Skácel","2","4.31","16","1993"
"Mafie v Praze","Michal Viewegh","2","3.45","243","2011"
"Putování mořského koně","Petr Šabach","2","3.54","105","1993"
"Przedawnienie","Jiří Březina","2","3.57","130","2015"
"Mężczyzna na dnie","Iva Procházková","2","3.69","142","2014"
"Obrázky z českých dějin a pověstí","Jiří Černý","2","4.31","55","2000"
"Johana","Pavla Horáková","2","3.27","228","2018"
"Jumaroro","Sylva Lauerová","2","3.87","31","2011"
"Případ profesora Körnera","Egon Hostovský","2","3.62","13","1931"
"Dvě zrcadla","Karolina Limrová","2","3.21","155","2011"
"The Sorrowful Eyes of Hannah Karajich","Ivan Olbracht","2","4.15","60","1937"
"Brusinky","Barbara Nesvadbová","2","3.52","42","2009"
"Ostny a oprátky","Jiří Padevět","2","3.68","101","2018"
"Žlutý baron","Jakub Patočka","2","3.78","73","2017"
"Svatá Barbora","Vojtěch Mašek","2","4.29","405","2016"
"Média, lži a příliš rychlý mozek","Petr Nutil","2","3.69","59","nan"
"Havel","Michael Žantovský","2","4.36","578","2014"
"Najděte si svého marťana!","Marek Herman","2","3.91","531","2008"
"The Burrow","Franz Kafka","2","3.82","1157","1924"
"The Great Wall of China and other Stories","Franz Kafka","2","3.67","1245","1931"
"Vévodkyně a kuchařka","Ladislav Fuks","2","4.18","39","nan"
"Judge on Trial","Ivan Klíma","2","3.99","211","1986"
"Kopretiny pro zámeckou paní","Stanislav Rudolf","2","3.59","102","1998"
"Night and Hope","Arnošt Lustig","2","3.92","65","1958"
"Dělám si to sám","Martin Váša","2","3.54","219","nan"
"Besídka bývalých žáků zvláštní školy: kniha povídek","Miloslav Šimek","2","4.52","42","1990"
"Metličky","Jan Skácel","2","4.26","47","1968"
"Povídky o ženách","Michal Viewegh","2","3.23","13","2007"
"O bílých slonech","Irena Dousková","2","3.47","70","2008"
"Dobře mi tak","Radka Třeštíková","2","2.94","343","2014"
"Saturnin se vrací","Miroslav Macek","2","3.02","384","2017"
"Fabrika: Příběh textilních baronů z moravského Manchesteru","Kateřina Tučková","2","3.85","208","2014"
"Past na medvěda","Petra Neomillnerová","2","3.33","208","2008"
"Doušek věčnosti","Petra Neomillnerová","2","3.51","225","2008"
"Nebeští jezdci","Richard Husmann","2","4.52","90","1964"
"Tiché šlapací království","Zdeněk Svěrák","2","4.11","61","2017"
"Místo, na němž stojíš, je posvátná země","Marek Vácha","2","4.38","45","2008"
"Boj o první místo","Jaroslav Foglar","2","3.86","154","1969"
"Přístav volá","Jaroslav Foglar","2","3.77","137","1991"
"Devadesátka pokračuje","Jaroslav Foglar","2","4.05","155","1969"
"Tajemná Řásnovka","Jaroslav Foglar","2","3.97","148","1965"
"Pod junáckou vlajkou","Jaroslav Foglar","2","3.93","246","1940"
"Půlnoční pacient","Egon Hostovský","2","3.48","27","1954"
"Jak vzniká divadelní hra a průvodce po zákulisí","Bratri Capkove","2","4.0","13","nan"
"Deníček moderního fotra 2","Dominik Landsman","2","3.67","168","nan"
"Máj - Márinka","Karel Hynek Mácha","2","3.25","122","1944"
"Prague Winter: A Personal Story of Remembrance and War, 1937-1948","Madeleine K. Albright","2","4.02","7123","2012"
"The Trick","Emanuel Bergmann","2","3.89","1592","2016"
"Lizucha","Lenka Juráčková","2","3.77","30","2015"
"Andělí vejce","Petr Stančík","2","3.9","124","2016"
"Miss Silver's Past","Josef Škvorecký","2","3.85","239","1969"
"Jáchymovští démoni","Vlastimil Vondruška","2","3.21","148","2016"
"Hlasy a hvězdy","Vilma Kadlečková","2","4.1","312","2016"
"Divoši","Lucie Lomová","2","4.18","79","2011"
"Michaela - Události v klášteře svatého Anděla","Miloš Urban","2","2.67","98","2004"
"Santiniho jazyk","Miloš Urban","2","3.36","233","2005"
"Prague with Fingers of Rain","Vítězslav Nezval","2","3.98","49","1936"
"The Poetry of Jaroslav Seifert","Jaroslav Seifert","2","4.04","206","1984"
"Poems Before & After","Miroslav Holub","2","4.36","72","1990"
"Letopisy královské komory V","Vlastimil Vondruška","2","3.38","143","2010"
"Vladimíra Čerepková - Beatnická femme fatale","Alice Horáčková","2","4.52","56","2014"
"Zánik samoty Berhof","Vladimír Körner","2","3.63","41","2005"
"A to si pak můžeš řikat, co chceš","Helena Skalická","2","4.17","6","2013"
"Sépie","František Halas","2","3.57","35","nan"
"Stín katedrály - božská krimikomedie","Miloš Urban","2","3.31","327","2003"
"Můj život po životě","Michal Viewegh","2","3.4","180","2013"
"Perunova krev 1","František Kotleta","2","3.81","333","2013"
"Ve službách klanu","Miroslav Žamboch","2","3.86","192","2013"
"The Diary of Petr Ginz","Petr Ginz","2","3.84","393","2005"
"Fires in the Dark","Louise Doughty","2","4.04","746","2004"
"Příběhy","Vladimír Holan","2","3.76","25","1963"
"Co jsou Češi?","Jan Patočka","2","4.0","9","1992"
"Mrtvý posel","Vlastimil Vondruška","2","3.3","137","2016"
"Hejno bez ptáků","Filip Dousek","2","3.75","217","2012"
"O Podhalu, Galicji i... Piłsudskim. Szkice nieznane","Jaroslav Hašek","2","3.25","16","2013"
"Vratné lahve","Zdeněk Svěrák","2","3.8","55","2007"
"Obchod na korze","Ladislav Grosman","2","3.94","132","1965"
"Mí černovlasí bratři","Ladislav Fuks","2","4.0","60","1964"
"Odnes si mě domů","Matouš Rýdel","2","1.75","4","nan"
"Koets naar Wenen","Jan Procházka","2","3.81","130","1967"
"Lijavec","Jára Cimrman","2","4.22","64","2002"
"Švestka","Jára Cimrman","2","4.48","69","1998"
"Afrika","Jára Cimrman","2","4.3","70","2003"
"Záskok : Cimrmanova hra o nešťastné premiéře hry Vlasta","Jára Cimrman","2","4.55","188","1994"
"Vyšetřování ztráty třídní knihy : Činohra","Jára Cimrman","2","4.33","284","1992"
"Vražda v salonním coupé : Detektivní hra","Jára Cimrman","2","4.43","148","1994"
"Posel z Liptákova","Jára Cimrman","2","4.34","130","1992"
"Němý Bobeš aneb Český Tarzan","Jára Cimrman","2","4.12","107","1993"
"Hospoda Na mýtince : Opereta","Jára Cimrman","2","4.51","159","1994"
"Dlouhý, Široký a Krátkozraký : Pohádka, která u dětí propadla","Jára Cimrman","2","4.6","196","1994"
"Blaník : Jevištní podoba historického mýtu","Jára Cimrman","2","4.59","128","1994"
"Akt: Rodinné drama se zpěvy a tanci","Jára Cimrman","2","4.27","127","1992"
"Opráski sčeskí historje 3. Kompendijum čezkíhc ďějin pro žkolu, pisárnu i dúm","Jaz","2","4.29","97","2014"
"Opráski sčeskí historje 2. Rukovjeť čezkí historje pro inteleguáňi","Jaz","2","4.35","120","2014"
"Krvavý román","Josef Váchal","2","3.95","130","1924"
"Paměti poslance parlamentu: Sexyromán","Miloš Urban","2","2.69","42","2002"
"Žofka","Miloš Macourek","2","4.53","15","2000"
"Mach a Šebestová na prázdninách","Miloš Macourek","2","4.16","19","1992"
"Pohádky z pařezové chaloupky Křemílka a Vochomůrky","Václav Čtvrtek","2","4.42","59","1981"
"Dům na předměstí","Karel Poláček","2","3.62","26","1958"
"Zadáno pro Blížence","Lenka Lanczová","2","4.04","111","1995"
"Panna nebo Blíženec","Lenka Lanczová","2","3.99","109","1995"
"Znamení blíženců","Lenka Lanczová","2","3.96","119","1994"
"Jako Cool v plotě","Karel Plíhal","2","4.35","79","2006"
"Po strništi bos","Zdeněk Svěrák","2","4.17","321","2013"
"Avion","Jiří Kratochvil","2","3.97","36","1995"
"Neuvěřitelné příhody žáků Kopyta a Mňouka","Miloslav Švandrlík","2","4.16","77","1991"
"Medová léta","Ivan Kraus","2","3.76","33","2001"
"Muž za vlastním rohem","Ivan Kraus","2","3.65","17","nan"
"Úsměvy smutných mužů","Josef Formánek","2","3.79","273","2014"
"Malá noční žranice","Jiří Šimáček","2","3.53","43","2014"
"A já pořád kdo to tluče","Radka Denemarková","2","4.0","74","2005"
"Mluviti pravdu","Josef Formánek","2","4.13","237","2008"
"Vlci","František Kotleta","2","3.59","261","2015"
"Letopisy královské komory III","Vlastimil Vondruška","2","4.61","148","2008"
"Kuře Napipi a jeho přátelé","Ondřej Sekora","2","3.72","29","1973"
"Zvlčení","Antonín Bajaja","2","3.96","57","2003"
"Lazebník. Hra doopravdy","Richard   Weiner","2","3.85","13","1998"
"Čáp nejni kondor","Radůza","2","4.19","31","2011"
"Wady snu","Radka Denemarková","2","4.07","76","2012"
"Vanishing Lung Syndrome","Miroslav Holub","2","4.31","78","1990"
"A po celou zimu byl klid: Analýza času jako narativní kategorie ve staroseverských ságách","Kristýna Králová","2","4.0","3","nan"
"روح پراگ","Ivan Klíma","2","3.83","2035","1974"
"Přišla z moře","Miloš Urban","2","2.9","99","2014"
"Lord Mord","Miloš Urban","2","3.61","352","2008"
"Selected Poems","Miroslav Holub","2","4.28","53","1967"
"Pravidla směšného chování","Emil Hakl","2","3.64","154","2010"
"Totální realismus","Egon Bondy","2","3.79","28","nan"
"Kde je zakopán pes: memoáromán","Pavel Kohout","2","4.12","64","1987"
"Zločin na Bezdězu","Vlastimil Vondruška","2","3.25","173","2015"
"Ďáblův sluha","Vlastimil Vondruška","2","3.34","167","2014"
"Jménem krále","Vlastimil Vondruška","2","3.95","152","2009"
"Oldřich z Chlumu - román a skutečnost","Vlastimil Vondruška","2","4.09","23","2015"
"Krev na kapradí","Vlastimil Vondruška","2","4.07","27","2013"
"Znamení Jidáš","Vlastimil Vondruška","2","4.03","175","2009"
"Strážce boleslavského mysteria","Vlastimil Vondruška","2","3.93","188","2007"
"Olomoucký bestiář","Vlastimil Vondruška","2","4.04","207","2006"
"Ulička hanby","Vlastimil Vondruška","2","3.92","147","2013"
"Pečeť smrti","Vlastimil Vondruška","2","3.44","177","2009"
"Adventní kletba","Vlastimil Vondruška","2","4.0","227","2004"
"Záhada zlaté štoly","Vlastimil Vondruška","2","3.99","212","2003"
"Vražda v ambitu","Vlastimil Vondruška","2","4.05","204","2005"
"Tajemství abatyše z Assisi","Vlastimil Vondruška","2","3.35","194","2010"
"Hanuman","Svatopluk Čech","2","3.48","25","1957"
"Legenda o svaté Kateřině","Kamil Bednář","2","3.12","52","1350"
"Párkař","Josef Hiršal","2","4.41","17","1997"
"Pejskování s Polynou","Hana Doskočilová","2","3.0","10","nan"
"Soukromá vichřice","Vladimír Páral","2","3.34","77","1966"
"Cesta do hlubin kantorovy duše","Miloš Hoznauer","2","4.67","3","2004"
"Šíleně smutné povídky","Tereza Boučková","2","3.38","109","2013"
"Knížka Ferdy Mravence","Ondřej Sekora","2","4.18","111","1962"
"Bolest","Vladimír Holan","2","3.83","48","1966"
"Gabra a Málinka 3. a 4. díl","Amálie Kutinová","2","4.29","73","1970"
"Biblické příběhy","Ivan Olbracht","2","2.9","140","2007"
"Co mi liška vyprávěla","Jiří Mahen","2","3.75","8","1974"
"The Golem - Old Jewish Stories from Prague","Eduard Petiška","2","3.88","48","1968"
"Noc s Hamletem","Vladimír Holan","2","3.93","107","nan"
"The Three Golden Keys","Peter Sís","2","4.15","476","1994"
"Hadrián z Římsů","Václav Kliment Klicpera","2","3.2","45","1924"
"Český orloj","Karel Šiktanc","2","3.47","47","1990"
"Tento večer","Ivan Blatný","2","3.48","48","1991"
"Jak zvířata spí","Jiří Dvořák","2","4.59","54","2014"
"Já se tam vrátím...","František Halas","2","3.54","24","2001"
"Sbohem malé nic","Dan Jedlička","2","3.0","12","2014"
"2. Dobrodružství pavouka Čendy","Pavel Čech","2","4.07","30","2014"
"Dobrodružství pavouka Čendy","Pavel Čech","2","4.65","54","2011"
"Praga piccola","Miloš Urban","2","3.87","120","2012"
"The Bass Saxophone","Josef Škvorecký","2","3.82","348","1967"
"Koho vypijou lišky","Lidmila Kábrtová","2","4.1","189","2013"
"Konec nylonového věku","Josef Škvorecký","2","3.51","85","1998"
"Navzdory básník zpívá","Jarmila Loukotková","2","4.36","377","1957"
"Jedenáctý bílý kůň","Jan Skácel","2","4.31","51","1964"
"Nemetonburk aneb Alatýrová hora","Renata Štulcová","2","3.85","33","2007"
"Macocha","Petra Hůlová","2","3.39","196","2014"
"Dvojí domov","Jan Čep","2","4.28","25","1991"
"Poslední tečka za rukopisy","Miloš Urban","2","3.73","93","1998"
"Černé světlo","Václav Řezáč","2","3.98","62","nan"
"Nemetonburk aneb Zlatá brána","Renata Štulcová","2","3.76","41","2005"
"Zlaté Hory","Jaroslav Rudiš","2","3.81","62","2005"
"Hlavní nádraží","Jaroslav Rudiš","2","3.94","71","2004"
"Unchiul meu Ulise","Jiří Marek","2","3.66","29","1974"
"Městečko, kde se zastavil čas; Něžný barbar; Příliš hlučná samota","Bohumil Hrabal","2","4.13","61","1992"
"Slovácko sa súdí","Zdeněk Galuška","2","4.39","36","nan"
"Metráček","Stanislav Rudolf","2","3.7","111","2010"
"Edudant a Francimor","Karel Poláček","2","3.83","65","1988"
"Říkání o víle Amálce","Václav Čtvrtek","2","4.1","39","2011"
"Dvě legendy z doby Karlovy. Legenda o svatém Prokopu, Život svaté Kateřiny.","Josef Hrabák","2","3.05","19","1959"
"Rozprava krátká, ale pravdivá","Bohuslav Balbín","2","3.5","14","1775"
"Robinsonka","Marie Majerová","2","3.45","112","1959"
"Pražské Pověsti","Václav Cibula","2","4.21","33","1972"
"Česká středověká lyrika","Jan Lehár","2","3.0","5","1990"
"Dny v roce: Básně 1946-1947","Jiří Kolář","2","3.05","21","1948"
"Morový sloup / The Plague Monument","Jaroslav Seifert","2","3.75","116","1977"
"Divotvorný klobouk","Václav Kliment Klicpera","2","3.51","53","2009"
"Elegie","Jiří Orten","2","4.05","129","1969"
"Slezský román","Petr Čichoň","2","3.04","23","2011"
"The Night Club: Part One","Jiří Kulhánek","2","4.51","1741","2002"
"Mega hustej nářez","František Kotleta","2","3.91","518","2013"
"Drsný spasitel","Miroslav Žamboch","2","4.07","555","2007"
"Asfalt","Štěpán Kopřiva","2","4.23","564","2009"
"Boletus arcanus","Miloš Urban","2","3.58","97","2011"
"Alois Nebel","Jaroslav Rudiš","2","3.7","396","2006"
"Potichu","Jaroslav Rudiš","2","3.83","476","2007"
"Zázemí","Jana Šrámková","2","4.06","192","2013"
"Sedmiramenný svícen","Josef Škvorecký","2","4.11","81","1964"
"Krátké pohádky pro unavené rodiče","Michal Viewegh","2","3.48","124","nan"
"Povídky o lásce","Michal Viewegh","2","3.19","115","2009"
"Zapisovatelé otcovský lásky","Michal Viewegh","2","3.42","167","1998"
"Povídky o manželství a o sexu","Michal Viewegh","2","3.23","232","1999"
"Literární dobrodružství českého spisovatele v cizině","Egon Hostovský","2","4.17","6","1995"
"O čertovi","Pavel Čech","2","4.47","78","2001"
"Opráski sčeskí historje anep fšichňi Zmikunďi národa. Příručka pro lajckou i otpornou veřejnozt","Jaz","2","4.27","230","2013"
"Diamonds of the Night","Arnošt Lustig","2","3.96","121","1958"
"Všeobecné Spiknutí","Egon Hostovský","2","4.18","17","1960"
"R.U.R. and The Insect Play","Josef Čapek","2","3.75","225","1961"
"Anděl na kolečkách","Miroslav Holub","2","3.91","22","1966"
"Legenda Emöke","Josef Škvorecký","2","3.61","137","1963"
"Lichožrouti","Pavel Šrut","2","3.97","272","2008"
"Hommage à Hrabal","Susanna Roth","2","4.0","4","1989"
"Tajemství proutěného košíku","Markéta Zinnerová","2","3.91","33","1978"
"Brouk Pytlík","Ondřej Sekora","2","4.06","48","1939"
"Kronika města Kocourkova","Ondřej Sekora","2","4.04","78","1971"
"The Metamorphosis, In the Penal Colony, and Other Stories: The Great Short Works of Franz Kafka","Franz Kafka","2","4.08","18412","1915"
"...a to mi nemůžete udělat","Jan Pelc","2","3.74","27","1993"
"Školák Kája Mařík III. díl","Felix Háj","2","4.0","74","1947"
"Hrdina Nik","Eduard Štorch","2","3.75","67","2004"
"Školák Kája Mařík II. díl","Felix Háj","2","4.0","85","nan"
"Školák Kája Mařík I. díl","Felix Háj","2","3.92","109","1990"
"Návrat starého varana","Michal Ajvaz","2","3.93","43","1991"
"La promesa de Kamil Modráček","Jiří Kratochvil","2","3.79","91","2009"
"Lásky hra osudná / Adam Stvořitel","Karel Čapek","2","3.1","10","nan"
"Dobrodruh","Konstantin Biebl","2","3.55","11","2008"
"Zelený svetr","Petr Hruška","2","3.83","47","2004"
"Názory na vraždu","Michal Viewegh","2","3.11","108","1990"
"Prima sezóna / Lvíče / Legenda Emöke","Josef Škvorecký","2","3.98","41","nan"
"Jan Cimbura","Jindřich Šimon Baar","2","3.83","30","nan"
"Nemodlenec","Karolina Světlá","2","3.0","12","1848"
"Běsné město","Dana Rusková","2","3.76","21","2012"
"Nemám žádné jméno","Dagmar Hilarová","2","4.11","99","1981"
"Boží duha","Jaroslav Durych","2","3.79","33","1969"
"Válka s mnohozvířetem","Vladimír Páral","2","3.72","72","1987"
"Džínový svět","Radek John","2","3.33","46","1980"
"Hochzeiten im Hause. Ein Mädchenroman","Bohumil Hrabal","2","4.33","3","1995"
"Psí zima","Petra Neomillnerová","2","3.62","209","2008"
"Smrt nebudeš se báti aneb příběh Petra Lébla","Radka Denemarková","2","4.44","18","2008"
"Gazdina roba","Gabriela Preissová","2","3.47","85","1889"
"Invalidní sourozenci","Egon Bondy","2","3.89","151","1974"
"Pantomima","Vítězslav Nezval","2","3.35","51","2004"
"Křivoklad","Karel Hynek Mácha","2","2.92","52","nan"
"Zazděná okna","Jiří Karásek ze Lvovic","2","3.63","19","1894"
"Splav","Fráňa Šrámek","2","3.38","61","1967"
"Měsíc nad řekou","Fráňa Šrámek","2","3.17","70","2006"
"Pohádky krve","Karel Toman","2","3.75","4","nan"
"Panychida","Vilém Závada","2","3.29","17","nan"
"Struny ve větru","Josef Hora","2","3.11","27","1938"
"Pracující den","Josef Hora","2","2.33","12","1922"
"Staré ženy","František Halas","2","3.87","54","1936"
"Noci chiméry","Viktor Dyk","2","3.75","4","1917"
"Zeměžluč","Jan Čep","2","4.44","9","nan"
"Nový Ikaros","Konstantin Biebl","2","3.69","29","1929"
"Světlem oděná","Jaroslav Seifert","2","3.9","20","1940"
"Torzo naděje","František Halas","2","3.58","84","1939"
"Hranice stínu","Jan Čep","2","3.72","25","1935"
"Havířská balada","Marie Majerová","2","3.09","32","1938"
"Periferie","František Langer","2","3.85","59","1948"
"Kulhavý poutník","Josef Čapek","2","3.53","51","nan"
"Lelio ; Pro Delfina","Josef Čapek","2","3.89","19","nan"
"Staročeské satiry Hradeckého rukopisu a Smilovy školy","Josef Hrabák","2","3.25","4","1947"
"Staročeské drama","Josef Hrabák","2","2.86","7","1950"
"Na statku a v chaloupce","Vítězslav Hálek","2","3.09","22","1871"
"Vyšehrad","Julius Zeyer","2","3.17","30","nan"
"Selské písně a české znělky","Josef Václav Sládek","2","3.06","48","1889"
"Divá Bára a jiné povídky","Božena Němcová","2","3.48","81","1997"
"Arabesky","Jan Neruda","2","3.67","43","1864"
"Ukřižovaná","Jakub Arbes","2","3.88","43","1876"
"Dekret kutnohorský","Josef Kajetán Tyl","2","3.73","11","1976"
"Pan Amanuensis na venku aneb Putování za novelou","František Jaromír Rubeš","2","3.31","13","1979"
"Oživené hroby","Karel Sabina","2","3.36","72","1977"
"Protichůdci","Václav Bolemír Nebeský","2","3.1","21","1941"
"Rukopis královédvorský","Unknown","2","2.48","29","nan"
"Největší z Pierotů","František Kožík","2","4.46","136","1972"
"Spisovatelé ve stínu","Jaroslav Med","2","4.25","4","1995"
"Pohorská vesnice: Povídka ze života lidu venkovského","Božena Němcová","2","3.66","38","1973"
"The Beggar's Opera","Václav Havel","2","3.96","89","1972"
"Ruce","Otokar Březina","2","2.86","43","1901"
"Ve stínu lípy","Svatopluk Čech","2","3.0","59","1879"
"Anebo","Viktor Dyk","2","3.14","7","1918"
"Tajemství RKZ","Miroslav Ivanov","2","4.5","4","nan"
"Horečka","Václav Hrabě","2","4.44","251","1994"
"Agent JFK 1. Przemytnik","Miroslav Žamboch","2","3.47","246","2005"
"Daleko od stromu","Zuzana Brabcová","2","4.04","23","1984"
"Cesta na Jávu","Konstantin Biebl","2","3.83","18","2001"
"Empty Streets","Michal Ajvaz","2","4.31","93","2004"
"Contemplation","Franz Kafka","2","3.62","1420","1913"
"White Book","Pavel Kohout","2","3.81","47","1970"
"Zápisky z blázince","Miroslav Macháček","2","3.91","32","1995"
"Nebe nemá dno","Hana Andronikova","2","4.06","141","2010"
"Pise'n O Litosti","Viktor Fischl","2","4.58","12","1981"
"Cesta do zaslíbené země: a jiné povídky","Ladislav Fuks","2","3.9","30","1967"
"Blues","Václav Hrabě","2","4.63","408","1999"
"Život v poklusu","Jaroslav Foglar","2","3.57","37","1997"
"Blaugast: A Novel of Decline","Paul Leppin","2","3.72","107","1984"
"V zámku a podzámčí a jiné povídky","Božena Němcová","2","3.29","268","1858"
"Helimadoe","Jaroslav Havlíček","2","3.82","76","1972"
"Bílý Potok","Jaroslav Rudiš","2","3.74","121","2003"
"Když duben přichází","Jaroslav Foglar","2","3.87","186","1944"
"Stroncium","Jiří Kulhánek","2","3.72","758","2006"
"Rub a líc","Jiří Voskovec","2","4.1","10","1937"
"Se žlutou hvězdou","Karel Poláček","2","2.83","6","1961"
"Kat a blázen","Jiří Voskovec","2","4.09","22","nan"
"Nechovejte se tu jako doma, příteli","Milan Kundera","2","4.2","107","2006"
"Poldík rumař","Vítězslav Hálek","2","3.15","27","1873"
"The Widow Killer","Pavel Kohout","2","3.7","422","1995"
"The Notebooks of Malte Laurids Brigge","Rainer Maria Rilke","2","3.97","8131","1910"
"Zatím dobrý","Jan Novák","1","3.38","149","2018"
"Zahrada","Petra Dvořáková","1","3.88","207","nan"
"Havířovina","Iva Hadj Moussa","1","4.21","19","nan"
"Devět dní","Zuzana Strachotová","1","3.85","142","2017"
"Selected Short Stories","Franz Kafka","1","4.09","977","1952"
"Slečna pokladní","Nina Hořínová","1","3.57","35","nan"
"Pralinky","Barbara Nesvadbová","1","3.39","31","2014"
"Bizarropolis","Kristina Haidingerová","1","4.25","4","nan"
"Kniha o Jizerských horách","Miloslav Nevrlý","1","4.62","16","1981"
"Chodící papiňák aneb řeči u tabule","Jan Vodňanský","1","4.33","3","1997"
"Mým domovem tichá je putyka","T.R. Field","1","4.0","3","nan"
"Větrné toulání v hedvábných časech","Miloslav Nevrlý","1","4.78","9","2014"
"Andykódy","Andy Bureš","1","4.83","24","nan"
"Lomikel a jiné zádrhele","T.R. Field","1","4.17","6","nan"
"Šípková růže","Vítězslav Nezval","1","3.0","3","1958"
"Válka s mloky","Karel Čapek","1","3.76","71","nan"
"Ale je hudba","Vladimír Holan","1","5.0","4","1996"
"Alespoň pár kapitol navíc","Amélie Salingerová","1","4.0","38","nan"
"Investigations of a Dog","Franz Kafka","1","3.09","3240","1922"
"Papírové domky","Jiří Klečka","1","3.9","10","2022"
"Díky za každé nové ráno","Halina Pawlowská","1","3.28","131","1994"
"Gryf, který neuměl létat","Tereza Janišová","1","4.04","27","2014"
"Cesta do blikajícího pekla","Šárka Medková","1","4.14","7","nan"
"Odposlechnuto v Praze 2","Zuzana Cinařová","1","3.77","13","nan"
"Alespoň prozatím","Amélie Salingerová","1","4.36","154","2022"
"1945","Jiří Padevět","1","4.09","32","2022"
"O zvědavém štěňátku","Iva Hercíková","1","4.5","26","nan"
"Zlomky nekonečna","Adelle R.","1","4.5","52","nan"
"Uprostřed","Martin Selner","1","4.21","57","nan"
"Mama milovala Gabčíka","Veronika Homolová Tóthová","1","4.51","170","2018"
"Průvodce literární hysterií 19. století","Karolína Zoe Meixnerová","1","4.5","109","2022"
"Všechny cesty vedou k válce","Vojtěch Boháč","1","4.91","22","nan"
"Ostrov duchů","Klára Wang Tylová","1","3.99","69","nan"
"Otroci sexu","Jan Janula","1","3.78","9","2010"
"Zpíváš jako bys plakala","Zuzana Kultánová","1","3.0","25","nan"
"Nikdo není sám","Petra Soukupová","1","4.09","215","nan"
"Podnik s nejistým koncem: Knižní rozhovor s Petrem Pithartem","Andrea Procházková","1","4.93","14","nan"
"Diários: 1909-1923","Franz Kafka","1","4.6","5","nan"
"Lada u ledu","Ema Labudová","1","3.37","133","2021"
"Všechno je jenom dvakrát","Michal Pribáň","1","3.87","45","2016"
"Paneláci 2: Historie sídlišť v českých zemích 1945–1989","Lucie Skřivánková","1","4.0","2","nan"
"Paneláci 1. - Padesát sídlišť v českých zemích","Lucie Skřivánková","1","4.33","3","nan"
"Lenost","Jiří Maršálek","1","3.77","13","nan"
"Slzy jsou jen pro holky","Lucie Zvěřová","1","2.75","87","nan"
"Gender před tabulí","Lucie Jarkovská","1","4.5","4","nan"
"Případ pro exorcistu","Michal Sýkora","1","3.5","60","2012"
"Copatá máma","Barbora Bečvářová","1","3.58","85","nan"
"Símka","Lucie  Hušková","1","4.17","95","nan"
"Ruská mafie","Jaroslav Kmenta","1","3.62","8","2022"
"Babišovo Palermo II","Jaroslav Kmenta","1","4.29","52","nan"
"Svědek na zabití","Jaroslav Kmenta","1","4.01","70","2010"
"Kmotr Mrázek III - Válka kmotrů","Jaroslav Kmenta","1","4.16","125","2009"
"Kmotr Mrázek II - Krakatice","Jaroslav Kmenta","1","3.93","162","2008"
"Kmotr Mrázek","Jaroslav Kmenta","1","4.29","238","2007"
"Velvet Revolutions: An Oral History of Czech Society","Miroslav Vaněk","1","3.88","26","2016"
"A","Pavel Čech","1","4.43","117","nan"
"Jak zničit církev","David Novak","1","3.67","3","2020"
"Divá Bára a jiné prózy","Božena Němcová","1","3.87","23","nan"
"Broučkovy pohádky","Jan Karafiát","1","3.4","5","1930"
"Co s námi bude? Stručná historie příštích 20 let","Milan Vodička","1","3.7","40","2014"
"Hovory S Janem Masarykem","Viktor Fischl","1","4.71","62","1991"
"Thrin: Zkáza Zaleronu","Vojtěch Kukla","1","3.0","2","2013"
"Proč jsme tak naštvané?","Šárka Homfrey","1","4.51","41","2022"
"Odkaz lidské mysli","Radek Starý","1","4.2","40","2022"
"Die Wolke","Gudrun Pausewang","1","3.69","3804","1987"
"Moderní sebeobrana","Jasmína Houdek","1","4.67","27","2022"
"Amáliina nehybnost","Kateřina Rudčenková","1","3.67","67","nan"
"Co vás v dějáku nenaučili","Markéta Lukášková","1","4.41","93","nan"
"Rodina ako tím","Jan Mühlfeit","1","3.0","2","nan"
"Vzpomínky na úhoře","Anna Cima","1","4.39","76","nan"
"Šepot z lesa","Kateřina Surmanová","1","4.17","87","nan"
"Adam Ondra: lezec tělem i duší","Adam Ondra","1","3.63","73","2019"
"Pekelný pastýř","Oskar Fuchs","1","3.28","25","2021"
"The Movement","Petra Hůlová","1","2.76","148","2018"
"Emil Běžec","Pavel Kosatík","1","4.1","145","2015"
"Love against all Reason: A European Woman Involved in the Kurdish Fight for Freedom in Iran","Helene Krulich-Ghassemlou","1","4.75","4","nan"
"Zabiju tě pro pár stovek","Ondřej Krotil","1","3.25","4","nan"
"Kriminalistické otazníky","Ondřej Krotil","1","3.0","2","2020"
"Bez vlasů","Tereza Drahoňovská","1","4.53","195","2020"
"Hodina lásky","Josef Topol","1","3.43","7","nan"
"Malka","František Švantner","1","3.79","102","1942"
"Horiaci vrch","František Švantner","1","4.33","6","1971"
"Zahrada mrtvých duší","Lukáš Boček","1","4.32","60","nan"
"Zamilujte se do angličtiny","Bronislav Sobotka","1","4.55","47","2021"
"Ruský týden","Frantisek Ringo Cech","1","3.97","35","2013"
"Náruživost","Josef Klíma","1","3.0","3","nan"
"Na vejminku","Vítězslav Hálek","1","3.45","11","1873"
"Pan učitel","Božena Němcová","1","3.32","68","1958"
"Tušení souvislosti","Ludvík Souček","1","3.78","45","1984"
"Tušení stínu","Ludvík Souček","1","4.12","48","1983"
"Kdo s koho","Lenka Blažejová","1","3.33","3","1999"
"Banánové rybičky","Halina Pawlowská","1","3.35","92","2000"
"Základy mužského šovinismu","Josef Hausmann","1","2.88","41","1996"
"Abc feminismu","Jana Valdrová","1","4.33","3","2004"
"Bez ohlávky: rozhovory","Jiřina Šiklová","1","4.17","12","2011"
"Deník staré paní","Jiřina Šiklová","1","3.83","23","2003"
"Kuchařka ze Svatojánu","Eva Francová","1","4.54","13","2014"
"Kuchařka ze Svatojánu - Zahrada na talíři","Eva Francová","1","4.0","2","nan"
"URBEX: Opuštěná místa v Čechách","Barbora Faiglová","1","4.17","12","2014"
"Naprostá šílenost","Tereza Kopecká","1","3.84","134","nan"
"Líný učitel: Cesta pedagogického hrdiny","Robert Čapek","1","3.71","7","nan"
"Líný učitel","Robert Čapek","1","3.91","32","nan"
"Stromy vypravují - příběhy o stromech a lidech","Marie Hrušková","1","3.5","2","nan"
"Dobrý pejsek pro kokínko přeskočí i přes hovínko: neslušné básničky pro chlapečky a holčičky","Hynek Vilém","1","2.75","4","2008"
"Čarodějův odkaz","Ondřej S. Nečas","1","3.88","26","2017"
"Jedenáct prezidentů","Libor Budinský","1","3.2","5","nan"
"Život se stromy","Marie Hrušková","1","3.0","3","nan"
"Můj stát : Putování s českým lvem za sedmi státními symboly","Martin Velíšek","1","4.33","3","nan"
"Nadané dítě - Jak mu pomoci ke štěstí a úspěchu","Monika Stehlíková","1","4.11","9","nan"
"Atlas světa pro děti","Oldřich Růžička","1","4.0","4","nan"
"Knížkový pejsek","Jiří Kahoun","1","3.0","3","nan"
"Život s vysokou inteligencí","Monika Stehlíková","1","3.95","74","nan"
"Anička Malířka","Eduard Petiška","1","4.1","21","1985"
"Anička a básnička","Eduard Petiška","1","3.47","19","1987"
"Růže z Jericha","Michaela Štěchová","1","3.81","37","2020"
"Mezinárodní marketing","Machková Hana","1","3.17","6","nan"
"Umění, kterému nikdo nerozumí","Jan H. Vitvar","1","4.42","66","2021"
"Dějepis I. v kostce pro SŠ - přepracované vydání","Marie Sochrová","1","3.67","3","nan"
"Dějepis 4 - Nejnovější dějiny","Jan Kuklík","1","3.0","5","2005"
"Dějepis pro střední odborné školy - České a světové dějiny","Petr Čornej","1","3.5","4","2008"
"Milá Mácho","Zuzana Gabrišová","1","4.0","4","nan"
"Ostrov","Bianca Bellová","1","3.2","61","2022"
"Bláhové psaní","Filip Topol","1","4.44","9","nan"
"The Vow: A Requiem for the Fifties","Jiří Kratochvil","1","4.5","2","2009"
"Hvězdy na cestě","Karin Krajčo Babinská","1","4.04","71","nan"
"Světla nad močálem","Lucie Ortega","1","3.82","237","nan"
"Labyrint pohybu","Pavel Kolar","1","4.2","374","nan"
"Planeta Země - Kruté místo k žití","Andor Šándor","1","3.75","24","2018"
"Honzlová","Zdena Salivarová","1","4.62","219","1973"
"Maxl žhář","Anna Strnadová","1","3.5","4","nan"
"Láska pro samouky","Barbora Šťastná","1","3.31","65","nan"
"Žil jsem jako pedofil","Janek Alexa","1","4.1","10","2002"
"Opravdové zločiny","Lucie Bechynková","1","3.66","259","nan"
"Morana Mařena","Jan Vojtko","1","4.0","6","nan"
"O mulo! Povídky o duchách zemřelých","Nikola Beljajevová","1","3.64","11","2019"
"Arizona","Jaroslav Jan Paulík","1","4.2","5","1968"
"Ještě není konec","Michal Sýkora","1","3.9","73","2016"
"Husitský král I. -Výjevy velkého dramatu","Alois Jirásek","1","5.0","2","nan"
"Lidé z maringotek","Eduard Bass","1","3.33","12","1966"
"Návrat mistra","František Niedl","1","4.13","55","2013"
"Malá skleněná gilotinka","Eduard Bass","1","3.8","5","1999"
"Cirkus Humberto II","Eduard Bass","1","3.92","12","2000"
"Ďáblova čísla","Vlastimil Vondruška","1","3.67","6","nan"
"Manželské zrcadlo","Vlastimil Vondruška","1","4.0","15","nan"
"Cesty rytířů","František Niedl","1","4.38","26","nan"
"Já, rytíř","František Niedl","1","3.96","24","2020"
"Mstitel z Jenštejna","Vlastimil Vondruška","1","3.46","28","2019"
"Pach krve","František Niedl","1","4.13","31","2019"
"Rozervané království","František Niedl","1","4.14","37","2018"
"Jíčínské pole mrtvých","Vlastimil Vondruška","1","3.13","118","2018"
"Království meče","František Niedl","1","4.02","42","2017"
"Ve službách mocných","František Niedl","1","4.04","48","2017"
"Dobronínské morytáty","Vlastimil Vondruška","1","3.3","141","2017"
"Růže a lev","František Niedl","1","3.98","55","2016"
"Rytíři z Vřesova","František Niedl","1","3.99","68","2016"
"Krajina nočních jezdců","František Niedl","1","4.3","47","2015"
"S vlčí hlavou v erbu","František Niedl","1","4.08","52","2011"
"Čtvrtý králův pes","František Niedl","1","3.98","82","2006"
"Pavoučí síť","František Niedl","1","4.46","57","2013"
"Čas vlků","František Niedl","1","4.25","59","2008"
"Platnéř","František Niedl","1","4.38","66","2012"
"Letopisy královské komory VI","Vlastimil Vondruška","1","3.37","140","2011"
"Letopisy královské komory IV","Vlastimil Vondruška","1","4.05","151","2009"
"Osmanský tábor","Vlastimil Vondruška","1","3.36","147","2012"
"Letopisy královské komory II","Vlastimil Vondruška","1","4.65","162","2007"
"Případ plzeňských mordů","Vlastimil Vondruška","1","3.14","7","1995"
"Morový testament","Vlastimil Vondruška","1","3.88","8","nan"
"Královražda na Křivoklátě","Vlastimil Vondruška","1","4.24","17","nan"
"Pomsta bílého jednorožce","Vlastimil Vondruška","1","3.91","33","nan"
"Právo první noci","Vlastimil Vondruška","1","3.86","43","2019"
"Duch znojemských katakomb","Vlastimil Vondruška","1","3.48","56","2019"
"Dračí náhrdelník","Vlastimil Vondruška","1","3.2","155","2018"
"Vzpoura goliardů","Vlastimil Vondruška","1","3.24","158","2017"
"Osudný turnaj","Vlastimil Vondruška","1","4.12","8","nan"
"Nitranská brána smrti","Vlastimil Vondruška","1","3.33","159","2016"
"Za časů Vladislava Jagelonského","Vlastimil Vondruška","1","3.95","110","2018"
"Mezi proudy III. Do tří hlasů","Alois Jirásek","1","2.75","4","1890"
"Mezi proudy II. Syn ohnivcův","Alois Jirásek","1","4.0","3","1888"
"Mezi proudy I. Dvojí dvůr","Alois Jirásek","1","3.33","3","1886"
"U nás IV. - Zeměžluč","Alois Jirásek","1","2.67","3","1903"
"U nás III. - Osetek","Alois Jirásek","1","3.33","3","1902"
"U nás II. - Novina","Alois Jirásek","1","3.0","2","1973"
"U nás I. - Úhor","Alois Jirásek","1","3.0","2","1897"
"Otec","Alois Jirásek","1","3.83","6","1954"
"Za časů krále Václava IV.","Vlastimil Vondruška","1","4.44","318","2014"
"Poklad: Historický obraz z 18. století","Alois Jirásek","1","3.6","5","1934"
"Skaláci","Alois Jirásek","1","3.2","10","1974"
"Vojnarka","Alois Jirásek","1","3.73","15","1890"
"Blouznivci našich hor","Antal Stašek","1","3.33","3","1896"
"Temno","Alois Jirásek","1","4.07","30","1914"
"Proti všem","Alois Jirásek","1","3.94","17","1893"
"Skály","Alois Jirásek","1","3.86","7","1969"
"Psohlavci","Alois Jirásek","1","3.45","117","1884"
"Případ Toman","Milan Krčmář","1","4.5","2","nan"
"Bezejmenní","Milan Krčmář","1","4.6","5","nan"
"Bílá vydra na hranici lesů","Josef Kutík","1","3.0","3","nan"
"Bílá vydra u Bobří hráze","Josef Kutík","1","4.33","3","nan"
"Bílá vydra na vlčí stezce","Josef Kutík","1","4.0","2","nan"
"Bílá vydra v záloze","Josef Kutík","1","4.0","4","nan"
"Bílá vydra na stopě","Josef Kutík","1","4.33","3","nan"
"Návrat Bílé Vydry","Josef Kutík","1","4.0","2","nan"
"Bílá vydra","Josef Kutík","1","4.5","6","nan"
"Balada z černýho asfaltu","Josef Kutík","1","4.0","2","1973"
"Jako v nebi, jenže jinak: Nová setkání se samotáři z Čech a Moravy","Aleš Palán","1","4.21","267","2019"
"Revoluce","František Kotleta","1","3.88","158","nan"
"Válkotvůrci","František Kotleta","1","3.68","77","2011"
"Stalingrad","František Kotleta","1","3.78","143","2019"
"Poutník z Mohameda: Alláhův hněv","František Kotleta","1","4.03","123","2019"
"Lovci","František Kotleta","1","3.79","314","2015"
"Pán hor","Kristýna Sněgoňová","1","3.77","70","nan"
"Aga","František Kotleta","1","4.33","92","nan"
"Rudý vrabčák","František Kotleta","1","3.99","111","nan"
"Země v troskách","Kristýna Sněgoňová","1","4.14","56","nan"
"Šprti a frajeři","Kristýna Sněgoňová","1","3.93","127","nan"
"Město v oblacích","Kristýna Sněgoňová","1","4.07","110","2020"
"Poslední tango v Havaně","František Kotleta","1","3.82","198","2018"
"Velké problémy v malém Vietnamu","František Kotleta","1","3.58","300","2016"
"Perunova krev 2","František Kotleta","1","3.98","288","2014"
"Řetězová reakce","František Kotleta","1","3.8","211","2018"
"Rázová vlna","František Kotleta","1","3.8","427","2017"
"Kdo zabil Snížka?","Petra Soukupová","1","3.95","250","2017"
"Poločas rozpadu","František Kotleta","1","3.83","475","2017"
"SPAD","František Kotleta","1","3.82","709","2016"
"Muž pod vlastním dohledem","Ivan Kraus","1","3.8","10","nan"
"Muž na vlastní křižovatce","Ivan Kraus","1","4.0","7","nan"
"Muž na vlastní stopě","Ivan Kraus","1","4.0","10","nan"
"Kdybys nebyla, vymyslím si tě","Ivan Kraus","1","3.53","17","2005"
"Nejchytřejší národ","Ivan Kraus","1","4.0","8","1994"
"Kůň nežere okurkový salát","Ivan Kraus","1","3.07","15","2000"
"Rothschildova flaška","Petr Šabach","1","3.55","85","2015"
"Čtyři muži na vodě aneb Opilé banány se vracejí","Petr Šabach","1","3.76","79","2005"
"Číslo do nebe","Ivan Kraus","1","4.36","56","1984"
"Jak potopit Austrálii","Petr Šabach","1","3.65","121","1986"
"Zvláštní problém Františka S.","Petr Šabach","1","3.71","112","1996"
"Tajemství","Radka Třeštíková","1","3.83","272","nan"
"Operace Stonewall","Jiří Šulc","1","3.83","29","2011"
"Operace Bruneval","Jiří Šulc","1","4.05","39","2008"
"Mosty do Tel Avivu","Jiří Šulc","1","4.48","73","2010"
"Fotbalové deníky","Jiří Hájíček","1","3.43","47","2007"
"Drak spí","Michaela Klevisová","1","4.27","297","nan"
"Gump - Pes, který naučil lidi žít","Filip Rožek","1","4.12","531","nan"
"Sněžný měsíc","Michaela Klevisová","1","3.97","211","2019"
"Zmizela v mlze","Michaela Klevisová","1","3.84","230","2017"
"Ostrov šedých mnichů","Michaela Klevisová","1","3.78","187","2015"
"Čekání na kocoura","Michaela Klevisová","1","3.7","104","2012"
"Zlodějka příběhů","Michaela Klevisová","1","3.81","230","2009"
"Italské prázdniny","Jan Werich","1","4.01","146","1960"
"U Veliké řeky","Eduard Štorch","1","4.25","12","nan"
"O Děvín a Velehrad","Eduard Štorch","1","3.33","3","1939"
"Zastavený příval","Eduard Štorch","1","4.0","5","1940"
"Zlomený Meč","Eduard Štorch","1","3.95","21","1932"
"Čarodějův učedník","Eduard Štorch","1","2.83","6","2007"
"Minehava","Eduard Štorch","1","3.86","74","1988"
"Volání rodu","Eduard Štorch","1","3.74","65","1976"
"Panenství","Marie Majerová","1","3.8","10","nan"
"Obrazy z dějin národa českého","Vladislav Vančura","1","3.51","41","1939"
"Bruno","Marie Majerová","1","3.64","11","1930"
"Kat","Martin Moudrý","1","3.6","116","2004"
"Kříže","Jiří Kulhánek","1","3.94","543","2000"
"Temný prorok","Jiří Kulhánek","1","4.07","660","2000"
"Hardcore","Jiří Kulhánek","1","4.16","669","1999"
"Cynik","Jiří Kulhánek","1","4.32","806","1997"
"Dobrák","Jiří Kulhánek","1","4.34","882","1996"
"Noční klub II","Jiří Kulhánek","1","4.5","1625","2003"
"Muž se psem","Zdeněk Jirotka","1","3.92","132","1944"
"Historie Svorné sedmy","Jaroslav Foglar","1","3.46","67","1990"
"Albatros","František Flos","1","4.5","2","nan"
"Útěk ze zajetí","František Flos","1","4.5","2","1929"
"Supové Atlasu","František Flos","1","3.0","3","1968"
"Lovci orchidejí","František Flos","1","3.86","14","nan"
"Lovci kožišin","František Flos","1","4.0","14","1934"
"Pacientka doktora Hegla","Marie Pujmanová","1","3.06","17","nan"
"Ljudi na raskrsnici","Marie Pujmanová","1","3.6","5","1956"
"Černý Petříček","Karolina Světlá","1","3.53","58","1949"
"Vesnice","Kristýna Trpková","1","4.1","63","2022"
"The Great Didactic of John Amos Comenius;","Jan Amos Komenský","1","4.26","97","1630"
"Stanice odložených lásek","Hana Marie Körnerová","1","3.97","34","2011"
"Przygody dobrego wojaka Szwejka podczas wojny światowej. Tom I i II","Jaroslav Hašek","1","4.09","322","nan"
"Na lovu kvizonů","Jakub Němeček","1","4.33","21","nan"
"Chaloupky","Štěpán Javůrek","1","3.48","71","nan"
"Továrna na maso","Miloš Urban","1","3.27","41","2022"
"Americké prázdniny","Jiří Fišar","1","3.6","5","nan"
"Hniloba v kořenech","Theo Addair","1","3.57","49","nan"
"Nevidím ani tmu: Rozhovory o naději","Aleš Palán","1","4.22","96","nan"
"Děti nového věku","Jana Štrausová","1","4.2","10","nan"
"Deník holky z lékárny","Martina Lachnittová","1","3.62","21","2022"
"The Last Wish","Andrzej Sapkowski","1","4.14","302872","1993"
